Si,sugar-beet-2011,spring-barley-2012,sugar-beet-2014,soybean-000-2015,sugar-beet-2017
30.00,nan,0.00,0.452005,0.828297,nan
40.00,nan,0.00,0.091032,0.005608,nan
50.00,nan,0.00,0.000000,0.000000,nan
60.00,nan,0.00,0.000000,0.000000,nan
70.00,nan,0.00,0.000000,0.000000,nan
80.00,nan,0.00,0.000000,0.000000,nan
90.00,nan,0.00,0.000000,0.000000,nan
100.00,nan,0.00,0.000000,0.000000,nan
200.00,nan,0.00,0.000000,0.000000,nan
